Workbook

Sheet Sheet1
B1: Interest Rates and Inflation Rates Projected
B3: Year | C3: Inflation | D3: Overnight Bank Lending Rate | E3: 1-Year Risk Free Annual Spot Rate | F3: 10-Year Risk Free Annual Spot Rate
A4: 1 | B4: 2160 | C4: 0.037694527 | D4: 0.0015175498 | E4: 0.0024138415 | F4: 0.031124086 | H4: Average Inflation | I4: 2175
A5: 2 | B5: 2161 | C5: 0.023173023 | D5: 0.001999617 | E5: 0.0023921361 | F5: 0.020763007 | H5: all -year | I5: =AVERAGE($C$4:$C$18) -> 0.024649573
A6: 3 | B6: 2162 | C6: 0.014768715 | D6: 0.0016286848 | E6: 0.0019298701 | F6: 0.027251168 | H6: 5-year | I6: =AVERAGE(C14:C18) -> 0.042312917
A7: 4 | B7: 2163 | C7: 0.010826944 | D7: 0.0013475139 | E7: 0.0017443105 | F7: 0.02872807 | H7: 10-year | I7: =AVERAGE(C8:C18) -> 0.025752762
A8: 5 | B8: 2164 | C8: 0.0021619346 | D8: 0.0018932383 | E8: 0.0040306069 | F8: 0.024318066
A9: 6 | B9: 2165 | C9: 0.0070673327 | D9: 0.0048082071 | E9: 0.0071996647 | F9: 0.020919445 | H9: Average 10-year spot rate | I9: 2175
A10: 7 | B10: 2166 | C10: 0.015508569 | D10: 0.012019182 | E10: 0.014152419 | F10: 0.027045914 | H10: all -year | I10: =AVERAGE(F4:F18) -> 0.028956663
A11: 8 | B11: 2167 | C11: 0.021555431 | D11: 0.02030317 | E11: 0.021799728 | F11: 0.032582581 | H11: 5-year | I11: =AVERAGE(F14:F18) -> 0.037624164
A12: 9 | B12: 2168 | C12: 0.018084747 | D12: 0.024190284 | E12: 0.023010827 | F12: 0.023993533 | H12: 10-year | I12: =AVERAGE(F9:F18) -> 0.030216555
A13: 10 | B13: 2169 | C13: 0.0073377818 | D13: 0.0043032553 | E13: 0.0043032553 | F13: 0.0095032553
A14: 11 | B14: 2170 | C14: 0.029389208 | D14: 0.0012531089 | E14: 0.0014531089 | F14: 0.014953109
A15: 12 | B15: 2171 | C15: 0.070848661 | D15: 0.018250985 | E15: 0.029350985 | F15: 0.030850985
A16: 13 | B16: 2172 | C16: 0.059786544 | D16: 0.054047648 | E16: 0.054547648 | F16: 0.043347648
A17: 14 | B17: 2173 | C17: 0.027634436 | D17: 0.057362711 | E17: 0.052762711 | F17: 0.047962711
A18: 15 | B18: 2174 | C18: 0.023905737 | D18: 0.050506368 | E18: 0.047406368 | F18: 0.051006368
A19: 16 | B19: 2175 | C19: =AVERAGE(C14:C18) -> 0.042312917 | D19: =0.0035*A19-0.0103 -> 0.0457 | E19: =0.0036*A19-0.0119 -> 0.0457 | F19: =AVERAGE(F14:F18) -> 0.037624164
A20: 17 | B20: 2176 | C20: =AVERAGE(C15:C19) -> 0.044897659 | D20: =0.0035*A20-0.0103 -> 0.0492 | E20: =0.0014*EXP(0.2279*A20) -> 0.067408575 | F20: =AVERAGE(F15:F19) -> 0.042158375
A21: 18 | B21: 2177 | C21: =AVERAGE(C16:C20) -> 0.039707459 | D21: =0.0035*A21-0.0103 -> 0.0527 | E21: =0.0014*EXP(0.2279*A21) -> 0.084662455 | F21: =AVERAGE(F16:F20) -> 0.044419853
A22: 19 | B22: 2178 | C22: =AVERAGE(C17:C21) -> 0.035691642 | D22: =0.0035*A22-0.0103 -> 0.0562 | E22: =0.0014*EXP(0.2279*A22) -> 0.10633263 | F22: =AVERAGE(F17:F21) -> 0.044634295
A23: 20 | B23: 2179 | C23: =AVERAGE(C18:C22) -> 0.037303083 | D23: =0.0035*A23-0.0103 -> 0.0597 | E23: =0.0014*EXP(0.2279*A23) -> 0.13354951 | F23: =AVERAGE(F18:F22) -> 0.043968611
A24: 21 | B24: 2180 | C24: =AVERAGE(C19:C23) -> 0.039982552 | D24: =0.0035*A24-0.0103 -> 0.0632 | E24: =0.0014*EXP(0.2279*A24) -> 0.1677328 | F24: =AVERAGE(F19:F23) -> 0.04256106
A25: 22 | B25: 2181 | C25: =AVERAGE(C20:C24) -> 0.039516479 | D25: =0.0035*A25-0.0103 -> 0.0667 | E25: =0.0014*EXP(0.2279*A25) -> 0.21066564 | F25: =AVERAGE(F20:F24) -> 0.043548439
A26: 23 | B26: 2182 | C26: =AVERAGE(C21:C25) -> 0.038440243 | D26: =0.0035*A26-0.0103 -> 0.0702 | E26: =0.0014*EXP(0.2279*A26) -> 0.26458756 | F26: =AVERAGE(F21:F25) -> 0.043826452
A27: 24 | B27: 2183 | C27: =AVERAGE(C22:C26) -> 0.0381868 | D27: =0.0035*A27-0.0103 -> 0.0737 | E27: =0.0014*EXP(0.2279*A27) -> 0.33231132 | F27: =AVERAGE(F22:F26) -> 0.043707771
A28: 25 | B28: 2184 | C28: =AVERAGE(C23:C27) -> 0.038685831 | D28: =0.0035*A28-0.0103 -> 0.0772 | E28: =0.0014*EXP(0.2279*A28) -> 0.41736963 | F28: =AVERAGE(F23:F27) -> 0.043522467
A29: 26 | B29: 2185 | C29: =AVERAGE(C24:C28) -> 0.038962381 | D29: =0.0035*A29-0.0103 -> 0.0807 | E29: =0.0014*EXP(0.2279*A29) -> 0.52419945 | F29: =AVERAGE(F24:F28) -> 0.043433238

Sheet Sheet2
B2: 1 | C2: 2 | D2: 3 | E2: 4 | F2: 5 | G2: 6 | H2: 7 | I2: 8 | J2: 9 | K2: 10
B3: 1-Year Risk Free Annual Spot Rate | C3: 2-Year Risk Free Annual Spot Rate | D3: 3-Year Risk Free Annual Spot Rate | E3: 4-Year Risk Free Annual Spot Rate | F3: 5-Year Risk Free Annual Spot Rate | G3: 6-Year Risk Free Annual Spot Rate | H3: 7-Year Risk Free Annual Spot Rate | I3: 8-Year Risk Free Annual Spot Rate | J3: 9-Year Risk Free Annual Spot Rate | K3: 10-Year Risk Free Annual Spot Rate
A4: 1 | B4: =Sheet1!E4 -> 0.0024138415 | C4: =$B4+(C$2-$B$2)/($K$2-$B$2)*($K4-$B4) -> 0.0056038686 | D4: =$B4+(D$2-$B$2)/($K$2-$B$2)*($K4-$B4) -> 0.0087938957 | E4: =$B4+(E$2-$B$2)/($K$2-$B$2)*($K4-$B4) -> 0.011983923 | F4: =$B4+(F$2-$B$2)/($K$2-$B$2)*($K4-$B4) -> 0.01517395 | G4: =$B4+(G$2-$B$2)/($K$2-$B$2)*($K4-$B4) -> 0.018363977 | H4: =$B4+(H$2-$B$2)/($K$2-$B$2)*($K4-$B4) -> 0.021554004 | I4: =$B4+(I$2-$B$2)/($K$2-$B$2)*($K4-$B4) -> 0.024744031 | J4: =$B4+(J$2-$B$2)/($K$2-$B$2)*($K4-$B4) -> 0.027934059 | K4: =Sheet1!F4 -> 0.031124086
A5: 2 | B5: =Sheet1!E5 -> 0.0023921361 | C5: =$B5+(C$2-$B$2)/($K$2-$B$2)*($K5-$B5) -> 0.004433344 | D5: =$B5+(D$2-$B$2)/($K$2-$B$2)*($K5-$B5) -> 0.0064745518 | E5: =$B5+(E$2-$B$2)/($K$2-$B$2)*($K5-$B5) -> 0.0085157596 | F5: =$B5+(F$2-$B$2)/($K$2-$B$2)*($K5-$B5) -> 0.010556967 | G5: =$B5+(G$2-$B$2)/($K$2-$B$2)*($K5-$B5) -> 0.012598175 | H5: =$B5+(H$2-$B$2)/($K$2-$B$2)*($K5-$B5) -> 0.014639383 | I5: =$B5+(I$2-$B$2)/($K$2-$B$2)*($K5-$B5) -> 0.016680591 | J5: =$B5+(J$2-$B$2)/($K$2-$B$2)*($K5-$B5) -> 0.018721799 | K5: =Sheet1!F5 -> 0.020763007
A6: 3 | B6: =Sheet1!E6 -> 0.0019298701 | C6: =$B6+(C$2-$B$2)/($K$2-$B$2)*($K6-$B6) -> 0.0047433476 | D6: =$B6+(D$2-$B$2)/($K$2-$B$2)*($K6-$B6) -> 0.0075568251 | E6: =$B6+(E$2-$B$2)/($K$2-$B$2)*($K6-$B6) -> 0.010370303 | F6: =$B6+(F$2-$B$2)/($K$2-$B$2)*($K6-$B6) -> 0.01318378 | G6: =$B6+(G$2-$B$2)/($K$2-$B$2)*($K6-$B6) -> 0.015997258 | H6: =$B6+(H$2-$B$2)/($K$2-$B$2)*($K6-$B6) -> 0.018810735 | I6: =$B6+(I$2-$B$2)/($K$2-$B$2)*($K6-$B6) -> 0.021624213 | J6: =$B6+(J$2-$B$2)/($K$2-$B$2)*($K6-$B6) -> 0.02443769 | K6: =Sheet1!F6 -> 0.027251168
A7: 4 | B7: =Sheet1!E7 -> 0.0017443105 | C7: =$B7+(C$2-$B$2)/($K$2-$B$2)*($K7-$B7) -> 0.004742506 | D7: =$B7+(D$2-$B$2)/($K$2-$B$2)*($K7-$B7) -> 0.0077407015 | E7: =$B7+(E$2-$B$2)/($K$2-$B$2)*($K7-$B7) -> 0.010738897 | F7: =$B7+(F$2-$B$2)/($K$2-$B$2)*($K7-$B7) -> 0.013737092 | G7: =$B7+(G$2-$B$2)/($K$2-$B$2)*($K7-$B7) -> 0.016735288 | H7: =$B7+(H$2-$B$2)/($K$2-$B$2)*($K7-$B7) -> 0.019733483 | I7: =$B7+(I$2-$B$2)/($K$2-$B$2)*($K7-$B7) -> 0.022731679 | J7: =$B7+(J$2-$B$2)/($K$2-$B$2)*($K7-$B7) -> 0.025729874 | K7: =Sheet1!F7 -> 0.02872807
A8: 5 | B8: =Sheet1!E8 -> 0.0040306069 | C8: =$B8+(C$2-$B$2)/($K$2-$B$2)*($K8-$B8) -> 0.0062847691 | D8: =$B8+(D$2-$B$2)/($K$2-$B$2)*($K8-$B8) -> 0.0085389312 | E8: =$B8+(E$2-$B$2)/($K$2-$B$2)*($K8-$B8) -> 0.010793093 | F8: =$B8+(F$2-$B$2)/($K$2-$B$2)*($K8-$B8) -> 0.013047255 | G8: =$B8+(G$2-$B$2)/($K$2-$B$2)*($K8-$B8) -> 0.015301418 | H8: =$B8+(H$2-$B$2)/($K$2-$B$2)*($K8-$B8) -> 0.01755558 | I8: =$B8+(I$2-$B$2)/($K$2-$B$2)*($K8-$B8) -> 0.019809742 | J8: =$B8+(J$2-$B$2)/($K$2-$B$2)*($K8-$B8) -> 0.022063904 | K8: =Sheet1!F8 -> 0.024318066
A9: 6 | B9: =Sheet1!E9 -> 0.0071996647 | C9: =$B9+(C$2-$B$2)/($K$2-$B$2)*($K9-$B9) -> 0.0087240847 | D9: =$B9+(D$2-$B$2)/($K$2-$B$2)*($K9-$B9) -> 0.010248505 | E9: =$B9+(E$2-$B$2)/($K$2-$B$2)*($K9-$B9) -> 0.011772925 | F9: =$B9+(F$2-$B$2)/($K$2-$B$2)*($K9-$B9) -> 0.013297345 | G9: =$B9+(G$2-$B$2)/($K$2-$B$2)*($K9-$B9) -> 0.014821765 | H9: =$B9+(H$2-$B$2)/($K$2-$B$2)*($K9-$B9) -> 0.016346185 | I9: =$B9+(I$2-$B$2)/($K$2-$B$2)*($K9-$B9) -> 0.017870605 | J9: =$B9+(J$2-$B$2)/($K$2-$B$2)*($K9-$B9) -> 0.019395025 | K9: =Sheet1!F9 -> 0.020919445
A10: 7 | B10: =Sheet1!E10 -> 0.014152419 | C10: =$B10+(C$2-$B$2)/($K$2-$B$2)*($K10-$B10) -> 0.01558503 | D10: =$B10+(D$2-$B$2)/($K$2-$B$2)*($K10-$B10) -> 0.01701764 | E10: =$B10+(E$2-$B$2)/($K$2-$B$2)*($K10-$B10) -> 0.018450251 | F10: =$B10+(F$2-$B$2)/($K$2-$B$2)*($K10-$B10) -> 0.019882861 | G10: =$B10+(G$2-$B$2)/($K$2-$B$2)*($K10-$B10) -> 0.021315472 | H10: =$B10+(H$2-$B$2)/($K$2-$B$2)*($K10-$B10) -> 0.022748082 | I10: =$B10+(I$2-$B$2)/($K$2-$B$2)*($K10-$B10) -> 0.024180693 | J10: =$B10+(J$2-$B$2)/($K$2-$B$2)*($K10-$B10) -> 0.025613303 | K10: =Sheet1!F10 -> 0.027045914
A11: 8 | B11: =Sheet1!E11 -> 0.021799728 | C11: =$B11+(C$2-$B$2)/($K$2-$B$2)*($K11-$B11) -> 0.022997823 | D11: =$B11+(D$2-$B$2)/($K$2-$B$2)*($K11-$B11) -> 0.024195918 | E11: =$B11+(E$2-$B$2)/($K$2-$B$2)*($K11-$B11) -> 0.025394013 | F11: =$B11+(F$2-$B$2)/($K$2-$B$2)*($K11-$B11) -> 0.026592108 | G11: =$B11+(G$2-$B$2)/($K$2-$B$2)*($K11-$B11) -> 0.027790202 | H11: =$B11+(H$2-$B$2)/($K$2-$B$2)*($K11-$B11) -> 0.028988297 | I11: =$B11+(I$2-$B$2)/($K$2-$B$2)*($K11-$B11) -> 0.030186392 | J11: =$B11+(J$2-$B$2)/($K$2-$B$2)*($K11-$B11) -> 0.031384487 | K11: =Sheet1!F11 -> 0.032582581
A12: 9 | B12: =Sheet1!E12 -> 0.023010827 | C12: =$B12+(C$2-$B$2)/($K$2-$B$2)*($K12-$B12) -> 0.023120017 | D12: =$B12+(D$2-$B$2)/($K$2-$B$2)*($K12-$B12) -> 0.023229206 | E12: =$B12+(E$2-$B$2)/($K$2-$B$2)*($K12-$B12) -> 0.023338396 | F12: =$B12+(F$2-$B$2)/($K$2-$B$2)*($K12-$B12) -> 0.023447585 | G12: =$B12+(G$2-$B$2)/($K$2-$B$2)*($K12-$B12) -> 0.023556775 | H12: =$B12+(H$2-$B$2)/($K$2-$B$2)*($K12-$B12) -> 0.023665964 | I12: =$B12+(I$2-$B$2)/($K$2-$B$2)*($K12-$B12) -> 0.023775154 | J12: =$B12+(J$2-$B$2)/($K$2-$B$2)*($K12-$B12) -> 0.023884343 | K12: =Sheet1!F12 -> 0.023993533
A13: 10 | B13: =Sheet1!E13 -> 0.0043032553 | C13: =$B13+(C$2-$B$2)/($K$2-$B$2)*($K13-$B13) -> 0.0048810331 | D13: =$B13+(D$2-$B$2)/($K$2-$B$2)*($K13-$B13) -> 0.0054588109 | E13: =$B13+(E$2-$B$2)/($K$2-$B$2)*($K13-$B13) -> 0.0060365887 | F13: =$B13+(F$2-$B$2)/($K$2-$B$2)*($K13-$B13) -> 0.0066143664 | G13: =$B13+(G$2-$B$2)/($K$2-$B$2)*($K13-$B13) -> 0.0071921442 | H13: =$B13+(H$2-$B$2)/($K$2-$B$2)*($K13-$B13) -> 0.007769922 | I13: =$B13+(I$2-$B$2)/($K$2-$B$2)*($K13-$B13) -> 0.0083476998 | J13: =$B13+(J$2-$B$2)/($K$2-$B$2)*($K13-$B13) -> 0.0089254776 | K13: =Sheet1!F13 -> 0.0095032553
A14: 11 | B14: =Sheet1!E14 -> 0.0014531089 | C14: =$B14+(C$2-$B$2)/($K$2-$B$2)*($K14-$B14) -> 0.0029531089 | D14: =$B14+(D$2-$B$2)/($K$2-$B$2)*($K14-$B14) -> 0.0044531089 | E14: =$B14+(E$2-$B$2)/($K$2-$B$2)*($K14-$B14) -> 0.0059531089 | F14: =$B14+(F$2-$B$2)/($K$2-$B$2)*($K14-$B14) -> 0.0074531089 | G14: =$B14+(G$2-$B$2)/($K$2-$B$2)*($K14-$B14) -> 0.0089531089 | H14: =$B14+(H$2-$B$2)/($K$2-$B$2)*($K14-$B14) -> 0.010453109 | I14: =$B14+(I$2-$B$2)/($K$2-$B$2)*($K14-$B14) -> 0.011953109 | J14: =$B14+(J$2-$B$2)/($K$2-$B$2)*($K14-$B14) -> 0.013453109 | K14: =Sheet1!F14 -> 0.014953109
A15: 12 | B15: =Sheet1!E15 -> 0.029350985 | C15: =$B15+(C$2-$B$2)/($K$2-$B$2)*($K15-$B15) -> 0.029517652 | D15: =$B15+(D$2-$B$2)/($K$2-$B$2)*($K15-$B15) -> 0.029684318 | E15: =$B15+(E$2-$B$2)/($K$2-$B$2)*($K15-$B15) -> 0.029850985 | F15: =$B15+(F$2-$B$2)/($K$2-$B$2)*($K15-$B15) -> 0.030017652 | G15: =$B15+(G$2-$B$2)/($K$2-$B$2)*($K15-$B15) -> 0.030184318 | H15: =$B15+(H$2-$B$2)/($K$2-$B$2)*($K15-$B15) -> 0.030350985 | I15: =$B15+(I$2-$B$2)/($K$2-$B$2)*($K15-$B15) -> 0.030517652 | J15: =$B15+(J$2-$B$2)/($K$2-$B$2)*($K15-$B15) -> 0.030684318 | K15: =Sheet1!F15 -> 0.030850985
... A29: 26 | B29: =Sheet1!E29 -> 0.52419945 | C29: =$B29+(C$2-$B$2)/($K$2-$B$2)*($K29-$B29) -> 0.47078098 | D29: =$B29+(D$2-$B$2)/($K$2-$B$2)*($K29-$B29) -> 0.41736251 | E29: =$B29+(E$2-$B$2)/($K$2-$B$2)*($K29-$B29) -> 0.36394404 | F29: =$B29+(F$2-$B$2)/($K$2-$B$2)*($K29-$B29) -> 0.31052558 | G29: =$B29+(G$2-$B$2)/($K$2-$B$2)*($K29-$B29) -> 0.25710711 | H29: =$B29+(H$2-$B$2)/($K$2-$B$2)*($K29-$B29) -> 0.20368864 | I29: =$B29+(I$2-$B$2)/($K$2-$B$2)*($K29-$B29) -> 0.15027017 | J29: =$B29+(J$2-$B$2)/($K$2-$B$2)*($K29-$B29) -> 0.096851705 | K29: =Sheet1!F29 -> 0.043433238
